{"darknet2020": 0.8698230385780334, "cic_ids2018": 0.5627354383468628, "default": 0.8698230385780334}